K,no MKL, MKL (1 core), MKL (4 cores)
64,0.9728322,16.8435,47.92452
128,0.4149018,19.01093,46.7033
256,0.1769303,16.71209,54.59402
